ProdutosUnicos22_id,Quantidade_de_Exportacoes,Valor_total_das_Exportacoes
"Areias naturais de qualquer espécie, mesmo coradas, exceto areias metalíferas do Capítulo 26",256,"$1,414,107"
"Antimónio e suas obras, incluídos os desperdícios, resíduos e sucata",1,$113
"Armas de guerra, exceto revólveres, pistolas e armas brancas",1,"$94,252"
"Cabelos em bruto, mesmo lavados ou desengordurados; desperdícios de cabelo",1,$235
Caixas de outros aparelhos de relojoaria e suas partes,1,$325
"Derivados halogenados, sulfonados, nitrados ou nitrosados dos produtos da posição 2912",1,$840
"Embarcações e outras estruturas flutuantes, a serem desmanteladas",1,"$5,752"
"Fibras artificiais descontínuas, não cardadas, não penteadas nem transformadas de outro modo para fiação",1,$3
"Fios de seda ou de desperdícios de seda, acondicionados para venda a retalho; pelo de Messina (crina de Florença)",1,"$1,109"
"Flores e seus botões, cortados para ramos ou para ornamentação, frescos, secos, branqueados, tingidos, impregnados ou preparados de outro modo",1,"$1,884"
"Invertebrados aquáticos, exceto crustáceos e moluscos, vivos",1,$25
"Locomotivas e locotractores, de fonte externa de electricidade ou de acumuladores elétricos",1,"$3,024,237"
"Mecanismos de relojoaria completos, não montados ou parcialmente montados (chablons); mecanismos de relojoaria incompletos, montados; esboços de relojoaria",1,$323
Minérios de molibdénio e seus concentrados,1,"$32,650"
Moedas,1,"$1,211"
"Revestimento para paredes, de matérias têxteis",1,$478
Seda crua (não fiada),1,"$48,793"
Sulfuretos dos elementos não metálicos; trissulfureto de fósforo comercial,1,$812
"Tubos, calhas ou algerozes e acessórios para canalizações, de cerâmica",1,"$1,270"
"Absorventes e tampões higiênicos, cueiros e fraldas para bebês e artigos higiênicos semelhantes, de qualquer matéria",513,"$40,703,655"
"Farinhas de cereais, exceto de trigo ou de mistura de trigo com centeio",769,"$23,885,372"
"Serviços de mesa e outros artigos de uso doméstico, de higiene ou de toucador, de plástico",3841,"$54,735,861"
"Ampolas e invólucros, mesmo tubulares, abertos, e suas partes, de vidro, sem guarnições, para lâmpadas elétricas, tubos catódicos ou semelhantes",2,$158
"Bengalas, bengalas-assentos, chicotes, pingalins e artefatos semelhantes",2,$250
"Caldeiras para aquecimento central, exceto as da posição 8402",2,$764
"Cortiça natural em bruto ou simplesmente preparada; desperdícios de cortiça; cortiça triturada, granulada ou pulverizada",2,$782
"Esboços de chapéus, entrançados ou obtidos por reunião de tiras de qualquer matéria, sem copa nem aba enformadas e sem guarnições, de palha fina (manila, panamá e semelhantes)",2,$42
"Fios de lã cardada, não acondicionados para venda a retalho",2,"$2,520"
"Fios de lã penteada, não acondicionados para venda a retalho",2,"$86,649"
"Frutas conservadas transitoriamente (por exemplo: com gás sulfuroso ou água salgada, sulfurada ou adicionada de outras substâncias destinadas a assegurar transitoriamente a sua conservação), mas impróprias para alimentação nesse estado",2,$149
"Glúten de trigo, mesmo seco",2,"$147,629"
"Mecanismo de pequeno volume para relógios, completos e montados",2,"$4,578"
"Mecanismos de relojoaria, completos e montados, exceto de pequeno volume",2,$319
"Outras carnes e miudezas comestíveis, frescas, refrigeradas ou congeladas",2,$205
"Peles e outras partes de aves, com as suas penas ou penugem, penas, partes de penas, penugem e artefatos destas matérias, exceto os produtos da posição 05.05, bem como os cálamos e outros canos de penas, trabalhados",2,"$5,752"
"Pianos, mesmo automáticos; cravos e outros instrumentos de cordas, com teclado",2,"$5,379"
Pólvoras propulsivas,2,$404
"Tijolos, placas (lajes), ladrilhos e outras peças cerâmicas de farinhas siliciosas fósseis (por exemplo, kieselguhr, tripolita, diatomita) ou de terras siliciosas semelhantes",2,$363
"Reservatórios, barris, tambores, latas, caixas e recipientes semelhantes para quaisquer matérias (exceto gases comprimidos ou liquefeitos), de ferro fundido, ferro ou aço, de capacidade não superior a 300 litros, sem dispositivos mecânicos ou térmicos, m",514,"$22,280,673"
"Espelhos de vidro, mesmo emoldurados, incluídos os espelhos retrovisores",2562,"$29,173,540"
"Madeira serrada ou endireitada longitudinalmente, cortada ou desenrolada, mesmo aplainada, polida ou unida pelas extremidades, de espessura superior a 6 mm",4098,"$952,405,697"
"Tubos e seus acessórios (por exemplo: juntas, cotovelos, flanges, uniões), de plástico",5890,"$177,697,078"
"Bombas de ar ou de vácuo, compressores de ar ou de outros gases e ventiladores; exaustores (coifas aspirantes) para extracção ou reciclagem, com ventilador incorporado, mesmo filtrantes",7170,"$562,713,552"
Animais vivos da espécie bovina,3,"$10,845,090"
"Bolbos, tubérculos, raízes tuberosas, rebentos e rizomas, em repouso vegetativo, em vegetação ou em flor; mudas, plantas e raízes de chicória, exceto as raízes da posição 1212",3,"$147,266"
"Caseínas, caseinatos e outros derivados das caseínas; colas de caseína",3,"$6,647"
"Compostos, inorgânicos ou orgânicos, de mercúrio, de constituição química definida ou não, exceto as amálgamas",3,"$2,116"
"Cortiça natural, sem a crosta ou simplesmente esquadriada, ou em cubos, chapas, folhas ou tiras, de forma quadrada ou retangular (incluindo os esboços com arestas vivas, para rolhas)",3,$97
"Desperdícios e resíduos, de zinco",3,"$110,166"
Dormentes de madeira para vias férreas ou semelhantes,3,"$367,438"
"Estearina solar, óleo de banha de porco, óleo-estearina, óleo-margarina e óleo de sebo, não emulsionados nem misturados, nem preparados de outro modo",3,"$1,613"
Fio-máquina de aço inoxidável,3,"$230,174"
"Gás de hulha, gás de água, gás pobre (gás de ar) e gases semelhantes, exceto gases de petróleo e outros hidrocarbonetos gasosos",3,"$2,580"
"Isótopos não incluídos na posição 2844; seus compostos inorgânicos ou orgânicos, de constituição química definida ou não",3,$273
"Linhites, mesmo aglomeradas, exceto azeviche",3,"$77,418"
"Monofilamentos artificiais, de título >=67 decitex e cuja maior dimensão da seção transversal não seja superior a 1 mm; lâminas e formas semelhantes (palha artificial, por exemplo) de matérias têxteis artificiais, com largura aparente <= 5 mm",3,"$17,997"
Outros animais vivos,3,"$15,563"
"Peles com pelo artificiais, e suas obras",3,"$101,033"
"Produtos que contenham tabaco, tabaco reconstituído, nicotina ou sucedâneos do tabaco ou da nicotina, destinados à inalação sem combustão; outros produtos que contenham nicotina destinados à absorção da nicotina pelo corpo humano",3,$209
"Chapas e tiras de cobre, de espessura superior a 0,15 mm",259,"$146,114,291"
"Carnes de animais das espécies cavalar, asinina e muar, frescas, refrigeradas ou congeladas",4,"$549,282"
"Coleções e espécimes para coleções, de zoologia, botânica, mineralogia, anatomia, ou apresentando interesse histórico, arqueológico, paleontológico, etnográfico ou numismático",4,"$65,967"
"Manganês e suas obras, incluídos os desperdícios e resíduos",4,"$377,905"
"Máquinas e aparelhos para fabricação ou acabamento de feltro ou de falsos tecidos, inclusive chapéus de feltro; formas para chapéus e artefatos de uso semelhantes",4,"$56,700"
"Pastas químicas de madeira, ao bissulfito, exceto pastas para dissolução",4,"$45,725"
Tecidos de pêlos grosseiros ou de crina,4,"$229,026"
"Âncoras, fateixas, e suas partes, de ferro fundido, ferro ou aço",4,"$16,374"
"Outros produtos hortícolas preparados ou conservados, exceto em vinagre ou em ácido acético, congelados, com excepção dos produtos da posição 2006",1028,"$6,010,817"
"Correntes, cadeias, e suas partes, de ferro fundido, ferro ou aço",1540,"$33,675,369"
"Barcos-faróis, barcos-bombas, dragas, guindastes flutuantes e outras embarcações em que a navegação é acessória da função principal; docas flutuantes; plataformas de perfuração ou de exploração, flutuantes ou submersíveis",5,"$138,385"
"Barras, perfis e fios, de zinco",5,"$16,016"
Caixas de relógios das posições 9101 ou 9102 e suas partes,5,$955
"Desperdícios de lã ou de pêlos finos ou grosseiros, incluídos os desperdícios de fios e excluídos os fiapos",5,"$48,144"
Dégras; resíduos provenientes do tratamento das substâncias gordas ou das ceras animais ou vegetais,5,$136
"Elementos químicos impurificados, para utilização eletrônica",5,"$110,205"
Energia elétrica,5,"$273,426,168"
"Painéis, chapas, ladrilhos, blocos e semelhantes, de fibras vegetais, de palha ou de aparas, partículas, serragem ou de outros desperdícios de madeira, aglomerados com cimento, gesso ou outros aglutinantes minerais",5,"$51,216"
Pastas de madeira obtidas por combinação de um tratamento mecânico com um tratamento químico,5,"$59,375"
"Planos, plantas e desenhos, de arquitetura, de engenharia e outros planos e desenhos industriais, comerciais, topográficos ou semelhantes, originais, feitos a mão; textos manuscritos; reproduções fotográficas em papel sensibilizado, etc",5,"$3,933"
"Sementes de nabo silvestre ou de colza, mesmo trituradas",5,"$342,943"
Carbonatos; peroxocarbonatos (percarbonatos); carbonato de amónio comercial contendo carbamato de amónio,773,"$20,601,365"
"Instrumentos e aparelhos para medicina, cirurgia, odontologia e veterinária, incluídos os aparelhos de cintilografia e outros aparelhos electromédicos, bem como os aparelhos para testes visuais",4357,"$181,956,641"
"Blocos e chapas, filtrantes, de pasta de papel",6,"$18,372"
"Cavalos, asininos e muares, vivos",6,"$98,284"
"Compostos, inorgânicos ou orgânicos, dos metais das terras raras, de ítrio ou de escândio ou das misturas destes metais",6,"$12,464"
"Cones de lúpulo, frescos ou secos, mesmo triturados ou moídos ou em pellets; lupulina",6,"$88,222"
"Desperdícios de fibras sintéticas ou artificiais (incluídos os desperdícios da penteação, os de fios e os fiapos)",6,"$209,419"
"Folhagem, folhas, ramos e outras partes de plantas, sem flores nem botões de flores, e ervas, musgos e líquenes, para ramos ou para ornamentação, frescos, secos, branqueados, tingidos, impregnados ou preparados de outro modo",6,"$64,538"
Ligas-mães de cobre,6,"$412,877"
Outras partes de relojoaria,6,"$15,036"
Papel de parede e revestimentos de parede semelhantes; papel para vitrais,6,"$7,723"
"Etiquetas, emblemas e artefactos semelhantes de matérias têxteis, em peça, em fitas ou recortados em forma própria, não bordados",262,"$1,159,644"
Fios de cobre,262,"$170,421,370"
"Ácidos monocarboxílicos acíclicos não saturados e ácidos monocarboxílicos cíclicos, seus anidridos, halogenetos, peróxidos e peroxiácidos; seus derivados halogenados, sulfonados, nitrados ou nitrosados",518,"$125,665,762"
"Artefactos de joalharia e suas partes, de metais preciosos ou de metais folheados ou chapeados de metais preciosos",774,"$24,453,425"
"Microfones e seus suportes; altifalantes, mesmo montados nos seus receptáculos; capacetes com auscultadores e auscultadores, mesmo combinados com um microfone, e conjuntos ou sortidos constituídos por um microfone e um ou vários altifalantes; amplificador",1542,"$42,271,023"
"Bismuto e suas obras, incluídos os desperdícios e resíduos",7,"$6,187"
"Chapas e filmes, fotográficos, impressionados e revelados, exceto filmes cinematográficos",7,"$18,295"
"Marfim, carapaças de tartaruga, barbas, incluídas as franjas, de baleia ou de outros mamíferos marinhos, chifres, galhadas, cascos, unhas, garras e bicos, em bruto ou simplesmente preparados, mas não cortados em forma determinada; pós e desperdícios desta",7,"$432,282"
"Metais comuns ou prata, folheados ou chapeados (plaquê) de ouro, em formas brutas ou semimanufaturadas",7,"$7,780"
"Noz-moscada, macis, amomos e cardamomos",7,$502
"Peles e outras partes de aves, com as suas penas ou penugem, penas e partes de penas (mesmo aparadas), penugem, em bruto ou simplesmente limpas, desinfectadas ou preparadas tendo em vista a sua conservação; pós e desperdícios de penas ou de partes de pena",7,"$290,265"
"Produtos ferrosos obtidos por redução directa dos minérios de ferro e outros produtos ferrosos esponjosos, em pedaços, esferas ou formas semelhantes; ferro de pureza mínima, em peso, de 99,94 %, em pedaços, esferas ou formas semelhantes",7,"$10,632"
"Soro de leite, mesmo concentrado ou adicionado de açúcar ou de outros edulcorantes; produtos constituídos por componentes naturais do leite, mesmo adicionados de açúcar ou de outros edulcorantes, não especificados nem compreendidos em outras posições",7,"$30,500"
Veículos aéreos (aeronaves) não tripulados,7,"$463,919"
Compostos de função carboxiimida (incluindo a sacarina e seus sais) ou de função imina,263,"$24,641,213"
Couros e peles acamurçados (incluída a camurça combinada); couros e peles envernizados ou revestidos; couros e peles metalizados,263,"$8,640,412"
"Chapas, folhas, tiras, varetas e perfis, de borracha vulcanizada não endurecida",2311,"$29,705,128"
"Chapas, tiras e folhas, de níquel",8,"$29,389"
"Fios de lã ou de pêlos finos, acondicionados para venda a retalho",8,"$44,282"
"Metais alcalinos ou alcalino-terrosos; metais de terras raras, escândio e ítrio, mesmo misturados ou ligados entre si; mercúrio",8,"$50,032"
"Máquinas automáticas de venda de produtos (por exemplo: selos, cigarros, alimentos ou bebidas), incluídas as máquinas de trocar dinheiro",8,"$42,753"
"Outras embarcações, incluídos os navios de guerra e os barcos salva-vidas, exceto os barcos a remos",8,"$2,645,028"
"Partes de máquinas ou de aparelhos, não especificadas nem compreendidas em outras posições do presente capítulo, não contendo conexões elétricas, partes isoladas electricamente, bobinas, contactos nem quaisquer outros elementos com características elétric",8,"$71,448"
"Tântalo e suas obras, incluídos os desperdícios, resíduos e sucata",8,"$68,766"
Vagões para transporte de mercadorias sobre vias férreas,8,"$13,438"
"Veículos para inspeção e manutenção de vias férreas ou semelhantes, mesmo autopropulsores",8,"$741,041"
"Óxidos e hidróxidos de cobalto, inclusive os comerciais",8,"$571,444"
Aspiradores,264,"$1,414,625"
"Assentos (exceto os da posição 9402), mesmo transformáveis em camas, e suas partes",4616,"$180,770,597"
Barcos de pesca; navios-fábricas e outras embarcações para o tratamento ou conservação de produtos da pesca,9,"$537,742"
"Cacos, fragmentos e outros desperdícios e resíduos de vidro; vidro em blocos ou massas",9,"$268,632"
"Esboços não enformados nem na copa nem na aba, discos e cilindros, mesmo cortados no sentido da altura, de feltro, para chapéus",9,"$1,187,330"
"Estacas-pranchas de ferro ou aço, mesmo perfuradas ou feitas com elementos montados; perfis obtidos por soldadura, de ferro ou aço",9,"$427,251"
Halogenetos e oxialogenetos dos elementos não metálicos,9,"$49,576"
Minérios de tungstênio e seus concentrados,9,"$3,647,050"
"Máquinas para extrudar, estirar, texturizar ou cortar matérias têxteis sintéticas ou artificiais",9,"$34,625"
"Outros óleos e respectivas frações, obtidos exclusivamente a partir de azeitonas, mesmo refinados, mas não quimicamente modificados, e misturas desses óleos ou frações com óleos ou frações da posição 15.09",9,"$1,832"
"Papel e cartão obtidos por colagem de folhas sobrepostas, não revestidos na superfície nem impregnados, mesmo reforçados interiormente, em rolos ou em folhas",9,"$47,409"
"Reservatórios, tonéis, cubas e recipientes semelhantes para quaisquer matérias (exceto gases comprimidos ou liquefeitos), de alumínio, de capacidade superior a 300 l, sem dispositivos mecânicos ou térmicos, mesmo com revestimento interior ou calorífugo.",9,"$74,978"
"Papel e cartão canelados (ondulados) (mesmo recobertos por colagem), encrespados, plissados, gofrados, estampados ou perfurados, em rolos ou em folhas, exceto o papel dos tipos descritos no texto da posição 4803",265,"$9,382,575"
"Máquinas e aparelhos, elétricos, com função própria, não especificados nem compreendidos em outras posições do presente capítulo",3849,"$71,542,413"
"Alcatrões de hulha, de linhita ou de turfa e outros alcatrões minerais, mesmo desidratados ou parcialmente destilados, incluindo os alcatrões reconstituídos",10,"$27,718,091"
"Chapas, folhas e tiras, de chumbo; pó e escamas, de chumbo",10,"$7,971"
"Escória de altos-fornos granulada (areia de escória) proveniente da fabricação de ferro fundido, ferro ou aço",10,"$7,138,445"
"Máquinas-ferramentas para trabalhar pedra, produtos cerâmicos, betão (concreto), fibrocimento ou matérias minerais semelhantes, ou para o trabalho a frio do vidro",266,"$14,044,191"
"Pedras preciosas (exceto diamantes) ou semipreciosas, mesmo trabalhadas ou combinadas, mas não enfiadas, nem montadas, nem engastadas; pedras preciosas (exceto diamantes) ou semipreciosas, não combinadas, enfiadas temporariamente para facilidade de tran",2058,"$185,886,845"
Centeio,11,"$11,124"
"Metais comuns folheados ou chapeados (plaquê) de prata, em formas brutas ou semimanufaturadas",11,"$16,688"
"Molibdénio e suas obras, incluídos os desperdícios, resíduos e sucata",11,"$4,045,409"
Teares para tecidos,11,"$853,281"
Óxidos de boro; ácidos bóricos,11,"$45,232"
"Miudezas comestíveis de animais das espécies bovina, suína, ovina, caprina, cavalar, asinina e muar, frescas, refrigeradas ou congeladas",267,"$28,229,569"
"Máquinas para limpeza, selecção ou peneiração de grãos ou de produtos hortícolas secos; máquinas e aparelhos para a indústria de moagem ou tratamento de cereais ou de produtos hortícolas secos, exceto dos tipos utilizados em fazendas",779,"$38,951,260"
"Aparelhos elétricos de sinalização acústica ou visual (por exemplo: campainhas, sirenes, quadros indicadores, aparelhos de alarme para protecção contra roubo ou incêndio), exceto os das posições 8512 ou 8530",1547,"$17,499,418"
"Facas (exceto da posição 8208) de lâmina cortante ou serrilhada, incluídas as podadeiras de lâmina móvel, e suas lâminas",1547,"$60,166,626"
"Cinzas e resíduos (exceto provenientes da fabricação  do ferro fundido, ferro ou aço) contendo arsénio, metais ou compostos de metais",12,"$581,246"
"Compostos diazóicos, azóicos e azóxicos",12,"$131,951"
"Desperdícios de seda (incluídos os casulos de bicho-da-seda impróprios para dobar, os desperdícios de fios e os fiapos)",12,"$1,003,295"
Despertadores e outros relógios de mecanismo de pequeno volume,12,"$1,211"
"Hidretos, nitretos, azidas, silicietos e boretos, quimicamente definidos ou não",12,"$290,601"
Mates de cobre; cobre de cementação (precipitado de cobre),12,"$15,659,015"
Minérios de metais preciosos e seus concentrados,12,"$1,200,826"
"Pérolas naturais ou cultivadas, mesmo trabalhadas ou combinadas, mas não enfiadas, nem montadas, nem engastadas; pérolas naturais ou cultivadas, enfiadas temporariamente para facilidade de transporte",12,"$3,484"
"Radiadores para aquecimento central, não elétricos, e suas partes, de ferro fundido, ferro ou aço; geradores e distribuidores de ar quente (incluídos os distribuidores que possam também funcionar como distribuidores de ar frio ou condicionado), não eléct",12,"$275,851"
"Transatlânticos, barcos de cruzeiro, ferry-boats, cargueiros, chatas e embarcações semelhantes, para o transporte de pessoas ou de mercadorias",12,"$305,571"
"Âmbar-cinzento, castóreo, algália e almíscar; bílis, mesmo seca; glândulas e outras substâncias de origem animal utilizadas na preparação de produtos farmacêuticos, frescas, refrigeradas, congeladas ou provisoriamente conservadas de outro modo",12,"$3,475,359"
"Granalha e pó de ferro fundido bruto, de ferro spiegel (especular), de ferro ou aço",268,"$12,703,162"
Cortiça aglomerada (com ou sem aglutinantes) e suas obras,524,"$201,996"
"Margarina; misturas ou preparações alimentícias de gorduras ou de óleos animais ou vegetais ou de fracções das diferentes gorduras ou óleos do presente capítulo, exceto as gorduras e óleos alimentícios, e respectivas fracções, da posição 1516",1292,"$75,084,198"
Breu e coque de breu obtidos a partir do alcatrão de hulha ou de outros alcatrões minerais,13,"$519,800"
"Chapas, folhas e tiras, de zinco",13,"$42,287"
Composições e cargas para aparelhos extintores; granadas e bombas extintoras,13,"$85,681"
"Câmaras e projectores, cinematográficos, mesmo com aparelhos de gravação ou de reprodução de som incorporados",13,"$266,638"
"Hidróxido e peróxido de magnésio; óxidos, hidróxidos e peróxidos, de estrôncio ou de bário",13,"$164,748"
"Malte, mesmo torrado",13,"$3,873,281"
"Outras plantas vivas (incluídas as suas raízes), estacas e enxertos; micélios de cogumelos",13,"$199,141"
"Outros couros e peles em bruto (frescos, ou salgados, secos, tratados pela cal, « piclados » ou conservados de outro modo, mas não curtidos, nem apergaminhados nem preparados de outro modo), mesmo depilados ou divididos, com excepção das excluídos pela No",13,"$542,890"
"Poeiras, pó e escamas, de zinco",13,"$44,683"
Ácido sulfúrico e ácido sulfúrico fumante (oleum),13,"$133,447"
"Boratos naturais e seus concentrados (calcinados ou não), exceto boratos extraídos de salmouras naturais; ácido bórico natural com um teor máximo de 85 % de H3BO3, em produto seco",14,"$233,696"
Cobre não refinado; ânodos de cobre para refinação eletrolítica,14,"$132,529,840"
"Fibras sintéticas descontínuas, cardadas, penteadas ou transformadas de outro modo para fiação",14,"$44,812"
"Galos, galinhas, patos, gansos, perus, peruas e galinhas-d'angola (pintadas), das espécies domésticas, vivos",14,"$5,151,630"
"Máquinas e aparelhos dos tipos utilizados exclusiva ou principalmente na fabricação de ""esferas"" (boules) ou de plaquetas (wafers), de dispositivos semicondutores, de circuitos integrados eletrônicos, etc",14,"$46,411"
Partes e acessórios reconhecíveis como sendo exclusiva ou principalmente destinados aos aparelhos das posições 8519 a 8521,14,"$6,554"
"Peles com pêlo em bruto (incluídas as cabeças, caudas, patas e outras partes, utilizáveis na indústria de peles), exceto as peles em bruto das posições 4101, 4102 ou 4103",14,"$52,491"
Tecidos de outras fibras têxteis vegetais; tecidos de fios de papel,14,"$133,911"
"Turfa (incluindo a turfa para cama de animais), mesmo aglomerada",14,"$475,270"
"Artigos para jogos de salão, incluídos os jogos com motor ou outro mecanismo, os bilhares, as mesas especiais para jogos de casino e os jogos de paulitos automáticos (boliche, por exemplo)",270,"$5,263,001"
Cobertores e mantas,270,"$611,153"
"Jornais e publicações periódicas, impressos, mesmo ilustrados ou contendo publicidade",270,"$981,708"
"Vestuário e seus acessórios, de malha, para bebés",526,"$4,418,970"
"Biodiesel e suas misturas, que não contenham ou que contenham menos de 70 %, em peso, de óleos de petróleo ou de óleos minerais betuminosos",15,"$53,267,425"
"Cascas de frutos cítricos, de melões ou de melancias, frescas, secas, congeladas ou apresentadas em água salgada, sulfurada ou adicionada de outras substâncias destinadas a assegurar transitoriamente a sua conservação",15,"$52,327"
"Cravo-da-índia (frutos, flores e pedúnculos)",15,"$240,431"
"Hulhas; briquetes, bolas e combustíveis sólidos semelhantes, obtidos a partir da hulha",15,"$53,291,813"
Minérios de zinco e seus concentrados,15,"$10,181,105"
Níquel em formas brutas,15,"$747,349"
"Outros instrumentos musicais de sopro (por exemplo: clarinetes, trompetes, gaitas de foles)",15,"$28,438"
"Aldeídos, mesmo contendo outras funções oxigenadas; polímeros cíclicos dos aldeídos; paraformaldeído",271,"$18,870,914"
"Outros papéis e cartões, não revestidos nem impregnados, em rolos ou em folhas, não tendo sofrido trabalho complementar nem tratamento, exceto os especificados na Nota 3 do presente Capítulo",783,"$132,364,857"
Canela e flores de caneleira,16,"$3,108"
"Couros e peles, depilados, de outros animais e peles de animais desprovidos de pêlos, curtidos ou em crosta, mesmo divididos, mas não preparados de outro modo",16,"$552,037"
"Fosfatos de cálcio naturais, fosfatos aluminocálcicos naturais e cré fosfatado",16,"$93,025"
"Magnésio e suas obras, incluídos os desperdícios, resíduos e sucata",16,"$4,294,247"
"Peixes secos, salgados ou em salmoura; peixes defumados, mesmo cozidos antes ou durante a defumação; farinhas, pós e pellets, de peixe, próprios para alimentação humana",16,"$1,559,362"
"Produtos residuais das indústrias químicas ou das indústrias conexas, não especificados nem compreendidos em outras posições; resíduos municipais; lamas de depuração; outros resíduos mencionados na Nota 6 do presente capítulo",16,"$2,241"
"Pó de diamantes, de pedras preciosas ou semipreciosas ou de pedras sintéticas",16,"$36,653"
"Relógios de pulso, relógios de bolso e relógios semelhantes (incluídos os contadores de tempo dos mesmos tipos), com caixa de metais preciosos ou de metais folheados ou chapeados de metais preciosos",16,"$1,814,129"
Tecidos de seda ou de desperdícios de seda,16,"$17,909"
Ácido nítrico; ácidos sulfonítricos,16,"$1,160,259"
Óxidos de chumbo; mínio (zarcão) e mínio-laranja (mine-orange),16,"$2,184,886"
"Outros tapetes e revestimentos para pisos (pavimentos), de matérias têxteis, mesmo confeccionados",272,"$1,898,077"
"Álcoois acíclicos e seus derivados halogenados, sulfonados, nitrados ou nitrosados",1808,"$277,090,391"
"Arcos de madeira; estacas fendidas; estacas aguçadas, não serradas longitudinalmente; madeira simplesmente desbastada ou arredondada, não torneada, não recurvada nem trabalhada de qualquer outro modo, para fabricação de bengalas, guarda-chuvas, cabos de f",17,"$1,173,619"
"Barris, cubas, balsas, dornas e outras obras de tanueiro, de madeira",17,"$200,770"
"Fios de fibras artificiais descontínuas (exceto linhas para costurar), não acondicionados para venda a retalho",17,"$1,133,902"
"Juta e outras fibras têxteis liberianas (exceto linho, cânhamo e rami), em bruto ou trabalhadas, mas não fiadas; estopas e desperdícios destas fibras (incluídos os desperdícios de fios e fiapos)",17,"$4,302"
Lenços de assoar e de bolso,17,"$6,917"
Minérios de titânio e seus concentrados,17,"$3,180,620"
Outras obras de estanho,17,"$1,001,267"
"Pedras sintéticas ou reconstituídas, mesmo trabalhadas ou combinadas, mas não enfiadas, nem montadas, nem engastadas; pedras sintéticas ou reconstituídas, não combinadas, enfiadas temporariamente para facilidade de transporte",17,"$15,400"
"Gorduras de animais das espécies bovina, ovina ou caprina, exceto as da posição 1503",529,"$103,498,937"
Camisas de uso masculino,785,"$2,142,943"
Aparelhos e dispositivos para lançamento de veículos aéreos; aparelhos e dispositivos para aterragem de veículos aéreos em porta-aviões e aparelhos e dispositivos semelhantes; aparelhos simuladores de voo em terra; suas partes,18,"$5,952,524"
"Desperdícios e resíduos, de níquel",18,"$4,402,875"
"Densímetros, areómetros, pesa-líquidos e instrumentos flutuantes semelhantes, termómetros, pirómetros, barómetros, higrómetros e psicrómetros, registadores ou não, mesmo combinados entre si",2066,"$13,593,420"
"Palhas, cascas de cereais, em bruto, moidas, prensadas, etc.",19,"$612,908"
"Platina, em formas brutas ou semimanufacturadas, ou em pó",19,"$516,984"
"Produtos comestíveis de origem animal, não especificados nem compreendidos noutras posições",19,"$593,324"
"Toucinho sem partes magras, gorduras de porco e de aves, não fundidas nem extraídas de outro modo, frescos, refrigerados, congelados, salgados ou em salmoura, secos ou defumados",19,"$3,803"
"Fibras ópticas e feixes de fibras ópticas; cabos de fibras ópticas, exceto os da posição 8544; matérias polarizantes, em folhas ou em placas; lentes (incluídas as de contacto), prismas, espelhos e outros elementos de óptica de qualquer matéria, não monta",531,"$16,564,443"
"Óleo de soja e respectivas fracções, mesmo refinados, mas não quimicamente modificados",1811,"$3,686,617,390"
Borras de vinho; tártaro em bruto,20,"$670,763"
"Coques e semicoques de hulha, de linhita ou de turfa, mesmo aglomerados; carvão de retorta",20,"$1,173,741"
"Frutas, não cozidas ou cozidas em água ou vapor, congeladas, mesmo adicionadas de açúcar ou de outros edulcorantes",20,"$269,649"
"Microscópios, exceto ópticos; difractógrafos",20,"$290,352"
"Outros açúcares, incluídos a lactose, maltose, glicose e frutose (levulose), quimicamente puras, no estado sólido; xaropes de açúcares, sem adição de aromatizantes ou de corantes; sucedâneos do mel, mesmo misturados com mel natural; açúcares e melaços car",788,"$24,851,563"
"Caixas, sacos, bolsas, cartuchos e outras embalagens, de papel, cartão, pasta (ouate) de celulose ou de mantas de fibras de celulose; cartonagens para escritórios, lojas e estabelecimentos semelhantes",3092,"$161,294,974"
Partes reconhecíveis como exclusiva ou principalmente destinadas às máquinas e aparelhos das posições 8425 a 8430,3860,"$117,236,913"
Cre,21,"$111,042"
"Papéis, cartões e têxteis, fotográficos, sensibilizados, não impressionados",21,"$597,710"
Barras e perfis de aço inoxidável,277,"$39,934,773"
"Peneiras e crivos, manuais",277,"$286,902"
"Balões e dirigíveis; planadores, asas voadoras e outros veículos aéreos, não concebidos para propulsão a motor",22,"$430,652"
"Fios de filamentos artificiais (exceto linhas para costurar), não acondicionados para venda a retalho, incluídos os monofilamentos artificiais com menos de 67 decitex",22,"$13,753"
Pastas mecânicas de madeira,22,"$5,679,358"
"Tortas e outros resíduos sólidos, mesmo triturados ou em pellets, da extração do óleo de amendoim",22,"$4,074,613"
"Vidro vazado ou laminado, em chapas, folhas ou perfis, mesmo com camada absorvente, reflectora ou não, mas sem qualquer outro trabalho",22,"$923,227"
"Produtos hortícolas conservados transitoriamente (por exemplo: com gás sulfuroso ou água salgada, sulfurada ou adicionada de outras substâncias destinadas a assegurar transitoriamente a sua conservação), mas impróprios para a alimentação nesse estado",23,"$34,678"
Óxidos de titânio,23,"$137,028"
Óxidos e hidróxidos de crómio,23,"$493,154"
"Construções e suas partes (por exemplo: pontes e elementos de pontes, comportas, torres, pórticos, pilares, colunas, armações, estruturas para telhados, portas e janelas, e seus caixilhos, alizares e soleiras, portas de correr, balaustradas), de ferro fun",1047,"$75,581,337"
"Livros, brochuras e impressos semelhantes, mesmo em folhas soltas",1303,"$36,489,086"
"Máquinas automáticas para processamento de dados e suas unidades; leitores magnéticos ou ópticos, máquinas para registar dados em suporte sob forma codificada, e máquinas para processamento desses dados, não especificadas nem compreendidas em outras posiç",2071,"$76,443,244"
Preparações e artigos farmacêuticos indicados na Nota 4 do presente capítulo,2327,"$126,141,651"
"Acetais, semi-acetais, mesmo contendo outras funções oxigenadas, e seus derivados halogenados, sulfonados, nitrados ou nitrosados",24,"$93,245"
"Couros preparados após curtimenta ou após secagem e couros e peles apergaminhados, de ovinos, depilados, mesmo divididos, exceto os da posição 41.14",24,"$1,446,304"
Fios de juta ou de outras fibras têxteis liberianas da posição 5303,24,"$418,367"
Sorgo de grão,24,"$3,199,547"
"Titânio e suas obras, incluídos os desperdícios, resíduos e sucata",280,"$7,608,969"
"Aparelhos de mecanoterapia; aparelhos de massagem; aparelhos de psicotécnica; aparelhos de ozonoterapia, de oxigenoterapia, de aerossolterapia, aparelhos respiratórios de reanimação e outros aparelhos de terapia respiratória",536,"$11,453,619"
"Preparações antidetonantes, inibidores de oxidação, aditivos peptizantes, beneficiadores de viscosidade, aditivos anticorrosivos e outros aditivos preparados, para óleos minerais (incluída a gasolina) ou para outros líquidos utilizados para os mesmos fins",536,"$66,678,881"
"Peças isolantes, inteiramente de matérias isolantes, ou com simples peças metálicas de montagem (suportes roscados, por exemplo) incorporadas na massa, para máquinas, aparelhos e instalações elétricas, exceto os isoladores da posição 8546; tubos isolado",1048,"$8,567,739"
"Betumes e asfaltos, naturais; xistos e areias betuminosos; asfaltites e rochas asfálticas",25,"$28,819"
"Desperdícios e resíduos, de estanho",25,"$2,546,483"
"Fios de algodão (exceto linhas para costurar), contendo menos de 85 %, em peso, de algodão, não acondicionados para venda a retalho",25,"$1,720,467"
"Gravuras, estampas e litografias, originais",25,"$604,940"
"Lã, pêlos finos ou grosseiros, cardados ou penteados (incluída a « lã penteada a granel »)",25,"$1,555,424"
"Ossos e núcleos córneos, em bruto, desengordurados ou simplesmente preparados (mas não cortados sob forma determinada), acidulados ou degelatinados; pós e desperdícios destas matérias",25,"$866,476"
Outros minérios e seus concentrados,25,"$375,681"
"Peles curtidas ou em crosta de ovinos, depiladas, mesmo divididas, mas não preparadas de outro modo",25,"$2,295,843"
"Construções e suas partes (por exemplo: pontes e elementos de pontes, torres, pórticos ou pilonos, pilares, colunas, armações, estruturas para telhados, portas e janelas, e seus caixilhos, alizares e soleiras, balaustradas), de alumínio, exceto as constr",281,"$3,434,794"
Laminadores de metais e seus cilindros,281,"$69,063,056"
"Provitaminas e vitaminas, naturais ou sintéticas (incluídos os concentrados naturais), bem como os seus derivados utilizados principalmente como vitaminas, misturados ou não entre si, mesmo em quaisquer soluções",281,"$6,039,587"
"Produtos hortícolas, frutas e outras partes comestíveis de plantas, preparados ou conservados em vinagre ou em ácido acético",1049,"$1,780,640"
"Misturas de substâncias odoríferas e misturas (incluídas as soluções alcoólicas) à base de uma ou mais destas substâncias, dos tipos utilizados como matérias básicas para a indústria; outras preparações à base de substâncias odoríferas, dos tipos utilizad",1817,"$70,053,326"
Minérios de chumbo e seus concentrados,26,"$23,055,054"
Misturas de alquilbenzenos ou de alquilnaftalenos,26,"$47,463,478"
"Música manuscrita ou impressa, ilustrada ou não, mesmo encadernada",26,"$28,375"
"Tecidos de malha de largura não superior a 30 cm, exceto das posições 6001 e 6002",26,"$19,450"
"Papel e cartão kraft, não revestidos, em rolos ou em folhas, exceto das posições 4802 e 4803",1562,"$536,235,996"
Antiguidades com mais de 100 anos,27,"$306,546"
"Cadeiras de rodas e outros veículos para inválidos, mesmo com motor ou outro mecanismo de propulsão",27,"$215,119"
"Máquinas para montagem de lâmpadas, tubos ou válvulas, elétricos ou electrónicos, ou de lâmpadas de luz-relâmpago (flash), que tenham invólucro de vidro; máquinas para fabricação ou trabalho a quente do vidro ou das suas obras",27,"$256,997"
"Ovos de aves, sem casca, e gemas de ovos, frescos, secos, cozidos em água ou vapor, moldados, congelados ou conservados de outro modo, mesmo adicionados de açúcar ou de outros edulcorantes",27,"$650,217"
"Tapeçarias tecidas à mão (gêneros gobelino, flandres, aubusson e semelhantes) e feitas à agulha (em petit point, ponto de cruz)",27,"$720,209"
Tecidos de lã cardada ou de pêlos finos cardados,27,"$418,733"
"Tecidos em ponto de gaze, exceto os artefactos da posição 5806",27,"$210,129"
"Outros artefactos para guarnição de interiores, exceto da posição 9404",283,"$898,524"
"Motores de pistão, alternativo ou rotativo, de ignição por faísca (motores de explosão)",539,"$413,387,306"
Bijutarias,1307,"$17,336,723"
"Partes de máquinas ou de aparelhos, não especificadas nem compreendidas noutras posições do presente Capítulo, que não contenham conexões elétricas, partes isoladas eletricamente, bobinas, contatos nem quaisquer outros elementos com características elétri",1819,"$3,226,963"
"Outros artefactos confeccionados, incluídos os moldes para vestuário",2075,"$7,587,234"
"T-shirts e camisolas interiores, de malha",2331,"$17,347,168"
Algodão cardado ou penteado,28,"$202,001"
"Conjuntos de viagem para toucador de pessoas, para costura ou para limpeza de calçados ou de roupas",28,"$39,439"
"Gorduras, óleos e respectivas fracções, de peixes ou de mamíferos marinhos, mesmo refinados, mas não quimicamente modificados",28,"$1,086,030"
"Outras escórias e cinzas, incluídas as cinzas de algas; cinzas e resíduos provenientes da incineração de resíduos municipais",28,"$266,672"
"Outros compostos inorgânicos (incluídas as águas destiladas, de condutibilidade ou de igual grau de pureza); ar líquido (incluído o ar líquido cujos gases raros foram eliminados); ar comprimido; amálgamas, exceto de metais preciosos.",28,"$45,741"
"Teares para fabricar malhas, máquinas de costura por entrelaçamento (couture-tricotage), máquinas para fabricar guipuras, tules, rendas, bordados, passamanarias, galões ou redes, e máquinas para inserir tufos",28,"$2,419,873"
Tecidos de lã penteada ou de pêlos finos penteados,28,"$494,176"
"Tecidos de fios de filamentos sintéticos, incluídos os tecidos obtidos a partir dos produtos da posição 5404",1052,"$27,381,661"
"Colheres, garfos, conchas, escumadeiras, pás para tortas, facas especiais para peixe ou para manteiga, pinças para açúcar e artefactos semelhantes",1308,"$37,182,418"
"Outros papéis, cartões, pasta (ouate) de celulose e mantas de fibras de celulose, cortados em forma própria; outras obras de pasta de papel, papel, cartão, pasta (ouate) de celulose ou de mantas de fibras de celulose",2076,"$14,397,450"
"Alcatrões de madeira; óleos de alcatrão de madeira; creosoto de madeira; metileno; breu (pez) vegetal; breu (pez) para a indústria da cerveja e preparações semelhantes à base de colofônias, de ácidos resínicos ou de breu (pez) vegetal",29,"$238,691"
"Epóxidos, epoxi-álcoois, epoxi-fenóis e epoxi-éteres, com três átomos no ciclo, e seus derivados halogenados, sulfonados, nitrados ou nitrosados",29,"$36,046,677"
"Lixívias residuais da fabricação de pasta de celulose, incluídos os lignossulfonatos",29,"$204,677"
"Pós e escamas, de níquel",29,"$211,338"
"Máquinas e aparelhos para impressão por meio de caracteres tipográficos, clichés, blocos, cilindros e outros elementos de impressão da posição 8442; máquinas de impressão de jacto de tinta, exceto as da posição 8471; máquinas auxiliares para impressão",1565,"$68,629,480"
"Cascas, peliculas e outros desperdícios de cacau",30,"$2,083"
Castinas; pedras calcárias utilizadas na fabricação de cal ou de cimento,30,"$113,309"
Cevada,30,$698
Derivados orgânicos da hidrazina e hidroxilamina,30,"$187,650"
"Minérios de nióbio, tântalo, vanádio ou de zircónio, e seus concentrados",30,"$26,012,430"
"Trapos, cordéis, cordas e cabos de matérias têxteis, em forma de desperdícios ou de artefactos inutilizados",286,"$1,319,425"
"Produtos de beleza ou de maquilhagem preparados e preparações para conservação ou cuidados da pele (exceto medicamentos), incluídas as preparações anti-solares e os bronzeadores; preparações para manicuros e pedicuros",1822,"$96,196,088"
"Carrinhos e veículos semelhantes para transporte de crianças, e suas partes",31,"$114,516"
"Filmes fotográficos sensibilizados, não impressionados, em rolos, de matérias diferentes do papel, do cartão ou dos têxteis; filmes fotográficos de revelação e cópia instantâneas, em rolos, sensibilizados, não impressionados",31,"$199,856"
"Marfim, osso, carapaça de tartaruga, chifre, pontas, coral, madrepérola e outras matérias animais para entalhar, trabalhados, e suas obras (incluídas as obras obtidas por moldagem)",31,"$2,719,003"
"Monopés, bipés, tripés e artigos semelhantes",31,"$214,581"
"Vidro estirado ou soprado, em folhas, mesmo com camada absorvente, reflectora ou não, mas sem qualquer outro trabalho",31,"$1,352"
"Cloretos, oxicloretos e hidroxicloretos; brometos e oxibrometos; iodetos e oxiiodetos",287,"$21,367,779"
"Monofilamentos sintéticos, com pelo menos 67 decitex e cuja maior dimensão da secção transversal não seja superior a 1 mm; lâminas e formas semelhantes (por exemplo: palha artificial) de matérias têxteis sintéticas, cuja largura aparente não seja superior",287,"$4,841,643"
"Compostos heterocíclicos, exclusivamente de hetero-átomo(s) de azoto (nitrogénio)",543,"$133,476,999"
"Outros artigos de cutelaria (por exemplo: máquinas de cortar o cabelo ou tosquiar, fendeleiras, cutelos, incluídos os de açougue e de cozinha, e corta-papéis); utensílios e sortidos de utensílios, de manicuros ou de pedicuros (incluídas as limas para unha",799,"$4,539,156"
"Aparelhos e dispositivos elétricos de ignição ou de arranque para motores de ignição por faísca ou por compressão (por exemplo, magnetos, dínamos-magnetos, bobinas de ignição, velas de ignição ou de aquecimento, motores de arranque); geradores (dínamos e",3615,"$161,995,923"
Chumbo em formas brutas,32,"$13,144,778"
"Gira-discos, electrofones, leitores de cassetes e outros aparelhos de reprodução de som, sem dispositivo de gravação de som",32,"$732,410"
"Selos postais, selos fiscais, marcas postais, envelopes de primeiro dia (first-day covers), inteiros postais e semelhantes, obliterados, ou não obliterados, exceto os artigos da posição 49.07",32,"$130,981"
"Tecidos de fios de metal e tecidos de fios metálicos ou de fios têxteis metalizados da posição 56.05, dos tipos utilizados em vestuário, para guarnição de interiores ou usos semelhantes, não especificados nem compreendidos noutras posições",32,"$5,191"
"Madeira marchetada e madeira incrustada; estojos e guarda-jóias, para joalharia e ourivesaria, e obras semelhantes, de madeira; estatuetas e outros objectos de ornamentação, de madeira; artigos de mobiliário, de madeira, que não se incluam no Capítulo 94",288,"$827,365"
"Matérias vegetais e desperdícios vegetais, resíduos e subprodutos vegetais, mesmo em pellets, dos tipos utilizados na alimentação de animais, não especificados nem compreendidos noutras posições",288,"$86,838,311"
"Reservatórios, barris, tambores, latas, caixas e recipientes semelhantes (incluídos os recipientes tubulares, rígidos ou flexíveis) para quaisquer matérias (exceto gases comprimidos ou liquefeitos), de alumínio, de capacidade não superior a 300 litros, s",544,"$166,526,559"
"Obras de pedra ou de outras matérias minerais (incluídas as fibras de carbono, as obras destas matérias ou de turfa), não especificadas nem compreendidas noutras posições",1056,"$50,679,154"
Minérios de cromo e seus concentrados,33,"$696,902"
"Tecidos de algodão, contendo menos de 85 %, em peso, de algodão, combinados, principal ou unicamente, com fibras sintéticas ou artificiais, com peso não superior a 200 g/m2",289,"$3,760,981"
"Frutas secas, exceto das posições 0801 a 0806; misturas de frutas secas ou de frutas de casca rija, do presente capítulo",34,"$1,007,850"
Peixes vivos,34,"$294,142"
"Resíduos da fabricação do amido e resíduos semelhantes, polpas de beterraba, bagaço de cana-de-açúcar e outros desperdícios da indústria do açúcar, borras e desperdícios da indústria da cerveja e das destilarias, mesmo em pellets",34,"$181,085"
"Sementes de anis, badiana, funcho, coentro, cominho ou de alcaravia; bagas de zimbro",34,"$2,906"
"Camisolas e pulôveres, cardigans, coletes e artigos semelhantes, de malha",546,"$2,680,310"
"Sementes, frutos e esporos, para sementeira",802,"$85,838,995"
"Obras de pérolas naturais ou cultivadas, de pedras preciosas ou semipreciosas, pedras sintéticas ou reconstituídas",1314,"$33,717,608"
"Couro reconstituído à base de couro ou de fibras de couro, em chapas, folhas ou tiras, mesmo enroladas; aparas e outros desperdícios de couros ou de peles preparados ou de couro reconstituído, não utilizáveis para fabricação de obras de couro; serragem, p",35,"$801,693"
Ditionites e sulfoxilatos,35,"$201,190"
"Outras armas (por exemplo, espingardas, carabinas e pistolas, de mola, de ar comprimido ou de gás, cassetetes), exceto as da posição 93.07",35,"$1,967,004"
"Pó e escamas, de alumínio",35,"$4,228,177"
"Rutabagas, beterrabas forrageiras, raízes forrageiras, feno, luzerna, trevo, sanfeno, couves forrageiras, tremoço, ervilhaca e produtos forrageiros semelhantes, mesmo em pellets",35,"$2,060"
"Desperdícios e resíduos, de cobre",291,"$115,971,564"
"Instrumentos, aparelhos e máquinas de medida ou controlo, não especificados nem compreendidos em outras posições do presente capítulo; projectores de perfis",3363,"$37,886,727"
"Ferro e aço não ligado, em lingotes ou outras formas primárias, exceto o ferro da posição 7203",36,"$75,157"
Vidros isolantes de paredes múltiplas,36,"$552,522"
"Placas indicadoras, placas sinalizadoras, placas-endereços e placas semelhantes, números, letras e sinais diversos, de metais comuns, exceto os da posição 94.05.",1060,"$2,806,702"
"Chaves de porcas, manuais (incluídas as chaves dinamométricas); chaves de caixa intercambiáveis, mesmo com cabos",1316,"$8,524,507"
"Aparelhos elétricos para telefonia ou telegrafia por fios, incluídos os aparelhos telefónicos por fio combinados com auscultadores sem fio e os aparelhos de telecomunicação por corrente portadora ou de telecomunicação digital; videofones",3364,"$288,770,012"
"Matérias vegetais das espécies principalmente utilizadas em cestaria ou espartaria (por exemplo: bambus, rotins, canas, juncos, vimes, ráfia, palha de cereais limpa, branqueada ou tingida, casca de tília)",37,"$27,201"
"Metais comuns, prata ou ouro, folheados ou chapeados (plaquê) de platina, em formas brutas ou semimanufaturadas",37,"$43,693"
"Suarda e substâncias gordas dela derivadas, incluindo a lanolina",37,"$3,001,021"
"Despertadores e outros relógios e aparelhos de relojoaria semelhantes, exceto de mecanismo de pequeno volume",38,"$74,246"
"Gravatas, laços e plastrões",38,"$21,728"
"Máquinas e aparelhos, para brochura ou encadernação, incluídas as máquinas para costurar cadernos",38,"$644,021"
"Reservatórios, tonéis, cubas e recipientes semelhantes, de ferro fundido, ferro ou aço, de capacidade > 300 litros, sem dispositivos mecânicos nem térmicos",294,"$13,746,425"
"Combinações, saiotes, calcinhas, camisas de noite, pijamas, déshabillés, roupões de banho, robes de quarto e semelhantes, de malha, de uso feminino",1062,"$8,428,274"
"Minérios de ferro e seus concentrados, incluídas as pirites de ferro ustuladas (cinzas de pirites)",1062,"$27,084,401,284"
"Cachimbos (incluindo os seus fornilhos), piteiras (boquilhas) para charutos ou cigarros, e suas partes",39,"$125,339"
"Tecidos de fibras sintéticas descontínuas, contendo menos de 85 %, em peso, destas fibras, combinados, principal ou unicamente, com algodão, de peso não superior a 170 g/m2",39,"$908,662"
"Tecidos de fios de filamentos artificiais, incluídos os tecidos obtidos a partir dos produtos da posição 5405",39,"$96,086"
Barras e perfis de cobre,295,"$80,274,507"
"Isqueiros e outros acendedores (exceto os da posição 3603), mesmo mecânicos ou elétricos, e suas partes, exceto pedras e pavios",551,"$5,675,311"
"Ceramais (cermets) e suas obras, incluídos os desperdícios e resíduos",40,"$1,252,515"
"Fios metálicos constituídos por fios têxteis, lâminas ou formas semelhantes, combinados com metal",40,"$119,803"
"Outros tecidos impregnados, revestidos ou recobertos; telas pintadas para cenários teatrais, para fundos de estúdio ou para usos semelhantes",40,"$370,177"
"Ésteres de outros ácidos inorgânicos de não-metais (exceto os ésteres de halogenetos de hidrogénio) e seus sais; seus derivados halogenados, sulfonados, nitrados ou nitrosados",40,"$1,197,858"
"Máquinas e aparelhos (exceto as máquinas da posição 8450), para lavar, limpar, espremer, secar, passar, prensar (incluídas as prensas fixadoras), branquear, tingir, para apresto e acabamento, para revestir ou impregnar fios, tecidos ou obras de matérias ",296,"$7,848,018"
Óleos brutos de petróleo ou de minerais betuminosos,296,"$39,594,017,863"
"Cordéis, cordas e cabos, entrançados ou não, mesmo impregnados, revestidos, recobertos ou embainhados de borracha ou de plástico",1064,"$34,213,455"
"Máquinas e aparelhos de uso agrícola, hortícola ou florestal, para preparação ou trabalho do solo ou para cultura; rolos para relvados ou para campos de desporto",2344,"$205,718,730"
"Aquecedores elétricos de água, incluídos os de imersão; aparelhos elétricos para aquecimento de ambientes, do solo ou para usos semelhantes; aparelhos electrotérmicos para arranjos do cabelo (por exemplo: secadores de cabelo, frisadores, aquecedores de ",2856,"$62,075,784"
"Chapas, folhas, tiras, fitas, películas e outras formas planas, auto-adesivas, de plástico, mesmo em rolos",3624,"$61,925,496"
"Transformadores elétricos, conversores elétricos estáticos (rectificadores, por exemplo), bobinas de reactância e de auto-indução",5416,"$310,013,298"
"Fatos, conjuntos, casacos, calças, jardineiras, bermudas e calções (shorts) (exceto de banho), de malha, de uso masculino",1065,"$8,107,099"
"Águas, incluídas as águas minerais e as águas gaseificadas, adicionadas de açúcar ou de outros edulcorantes ou aromatizadas e outras bebidas não alcoólicas, exceto sumos de frutas ou de produtos hortícolas, da posição 2009",2601,"$27,796,715"
"Ardósia, mesmo desbastada ou simplesmente cortada a serra ou por outro meio, em blocos ou placas de forma quadrada ou retangular",42,"$841,795"
"Bagaços e outros resíduos sólidos, mesmo triturados ou em pellets, da extracção de gorduras ou óleos vegetais, exceto das posições 2304 e 2305",42,"$120,181"
"Balanças sensíveis a pesos >= 5 cg, com ou sem pesos",42,"$107,425"
Cabos de filamentos sintéticos,42,"$532,383"
"Cartões-postais impressos ou ilustrados; cartões impressos com votos ou mensagens pessoais, mesmo ilustrados, com ou sem envelopes, guarnições ou aplicações",42,"$29,505"
"Farinhas siliciosas fósseis (por exemplo, kieselguhr, tripolita, diatomita) e outras terras siliciosas análogas de densidade aparente não superior a 1, mesmo calcinadas",42,"$1,167,940"
"Ferrocério e outras ligas pirofóricas, sob quaisquer formas; artigos de matérias inflamáveis indicados na Nota 2 do presente capítulo",42,"$1,844,433"
Lã não cardada nem penteada,42,"$9,627,708"
"Outras frutas de casca rija, frescas ou secas, mesmo sem casca ou peladas",42,"$8,826"
"Eléctrodos de carvão, escovas de carvão, carvões para lâmpadas ou para pilhas e outros artigos de grafite ou de carvão, com ou sem metal, para usos elétricos",810,"$7,288,301"
"Obras de carpintaria para construções, incluídos os painéis celulares, os painéis para soalhos e as fasquias para telhados (shingles e shakes), de madeira",1322,"$532,674,574"
"Óleos essenciais (desterpenizados ou não), incluídos os chamados « concretos » ou « absolutos »; resinóides; oleorresinas de extracção; soluções concentradas de óleos essenciais em gorduras, em óleos fixos, em ceras ou em matérias análogas, obtidas por tr",1834,"$384,374,857"
"Tranças e artigos semelhantes, de matérias para entrançar, mesmo reunidos em tiras; matérias para entrançar, tranças e artigos semelhantes, de matérias para entrançar, tecidos ou paralelizados, em formas planas, mesmo acabados (por exemplo: esteiras, capa",43,"$50,842"
"Ésteres fosfóricos e seus sais, incluindo os lactofosfatos; seus derivados halogenados, sulfonados, nitrados ou nitrosados",43,"$508,655"
"Outros aparelhos respiratórios e máscaras contra gases, exceto as de proteção desprovidas de mecanismo e de elemento filtrante amovível",299,"$1,662,724"
Sulfatos; alúmenes; peroxosulfatos (persulfatos),299,"$22,681,376"
Ferro-ligas,1067,"$3,832,506,361"
"Sucos e extractos vegetais; matérias pécticas, pectinatos e pectatos; ágar-ágar e outros produtos mucilaginosos e espessantes derivados dos vegetais, mesmo modificados",1323,"$101,740,111"
"Pontas, pregos, percevejos, escápulas e artefactos semelhantes, de cobre ou de ferro ou aço com cabeça de cobre; parafusos, pinos ou pernos, roscados, porcas, ganchos roscados, rebites, chavetas, cavilhas, contrapinos ou troços, anilhas (arruelas) incluíd",1835,"$1,527,879"
"Cacau inteiro ou partido, em bruto ou torrado",44,"$2,546,433"
"Relógios para painéis de instrumentos e relógios semelhantes, para automóveis, veículos aéreos, embarcações ou para outros veículos",44,"$158,193"
"Veículos automóveis sem dispositivo de elevação, dos tipos utilizados em fábricas, armazéns, portos ou aeroportos, para o transporte de mercadorias a curtas distâncias; carros-tractores dos tipos utilizados nas estações ferroviárias; suas partes",44,"$121,553"
"Produtos laminados planos de ferro ou aço não ligado, de largura inferior a 600 mm, folheados ou chapeados, ou revestidos",300,"$16,333,965"
"Cuecas, ceroulas, camisas de noite, pijamas, roupões de banho, robes e semelhantes, de malha, de uso masculino",556,"$3,714,528"
Solventes e diluentes orgânicos compostos; preparações para remover tintas ou vernizes,1068,"$12,246,106"
"Refrigeradores, congeladores (freezers) e outro material, máquinas e aparelhos para a produção de frio, com equipamento eléctrico ou outro; bombas de calor, excluídas as máquinas e aparelhos de ar condicionado da posição 8415",2092,"$172,293,079"
"Cianetos, oxicianetos e cianetos complexos",45,"$11,412,383"
"Cofres-fortes, portas blindadas e compartimentos para casas-fortes, cofres e caixas de segurança e artefatos semelhantes, de metais comuns",45,"$174,725"
"Extratos e sucos de carne, de peixes ou de crustáceos, de moluscos ou de outros invertebrados aquáticos",45,"$8,845,179"
"Máquinas para preparação de matérias têxteis; máquinas para fiação, dobragem ou torção de matérias têxteis e outras máquinas e aparelhos para fabricação de fios têxteis; máquinas de bobinar (incluídas as bobinadeiras de trama) ou de dobar matérias têxteis",45,"$14,339,448"
"Sementes de linho (linhaça), mesmo trituradas",45,"$72,688"
"Fitas impressoras para máquinas de escrever e fitas impressoras semelhantes, tintadas ou preparadas de outra forma para imprimir, montadas ou não em carretéis ou cartuchos; almofadas de carimbo, impregnadas ou não, com ou sem caixa",301,"$2,387,924"
"Blocos, placas, tijolos, ladrilhos, telhas e outros artefactos, de vidro prensado ou moldado, mesmo armado, para construção; cubos, pastilhas e outros artigos semelhantes, de vidro, mesmo com suporte, para mosaicos ou decorações semelhantes; vitrais de vi",46,"$1,141,171"
Cabos de filamentos artificiais,46,"$22,023,847"
"Partes, guarnições e acessórios, para os artefactos das posições 6601 e 6602",46,"$64,571"
Pulseiras de relógios e suas partes,46,"$44,673"
"Máquinas-ferramentas (incluídas as prensas) para forjar ou estampar, martelos, martelos-pilões e martinetes, para trabalhar metais; máquinas- -ferramentas (incluídas as prensas) para enrolar, arquear, dobrar, endireitar, aplanar, cisalhar, puncionar ou ch",302,"$106,675,645"
"Pás, alviões, picaretas, enxadas, sachos, forcados, forquilhas, ancinhos e rapadeiras; machados, podões e ferramentas semelhantes de gume; tesouras de podar de todos os tipos; foices e foicinhas, facas para feno ou para palha, tesouras para sebes, cunhas ",814,"$55,266,783"
"Berílio, crómio, germânio, vanádio, gálio, háfnio (céltio), índio, nióbio (colômbio), rénio e tálio, e suas obras, incluídos os desperdícios, resíduos e sucata",47,"$155,058,663"
"Binóculos, lunetas, incluídas as astronómicas, telescópios ópticos, e suas armações; outros instrumentos de astronomia e suas armações, exceto os aparelhos de radioastronomia",47,"$175,350"
"Carnes de animais das espécies ovina ou caprina, frescas, refrigeradas ou congeladas",47,"$24,249"
"Glicerol em bruto; águas e lixívias, glicéricas",303,"$194,759,820"
"Produtos laminados planos de aço inoxidável, de largura igual ou superior a 600 mm",303,"$58,604,837"
"Adubos (fertilizantes) minerais ou químicos, contendo dois ou três dos seguintes elementos fertilizantes: azoto (nitrogénio), fósforo e potássio; outros adubos (fertilizantes); produtos do presente capítulo apresentados em tabletes ou formas semelhantes, ",559,"$174,398,585"
"Malas e maletas, incluídas as de toucador e as maletas e pastas para documentos e de estudantes, os estojos para óculos, binóculos, máquinas fotográficas e de filmar, instrumentos musicais, armas, e artefactos semelhantes; sacos de viagem, sacos isolantes",3631,"$16,920,614"
"Folhas e tiras, delgadas, de cobre (mesmo impressas ou com suporte de papel, cartão, plástico ou semelhantes), de espessura não superior a 0,15 mm (excluído o suporte)",48,"$2,999,860"
Mate,48,"$8,343,327"
Outras obras de metais preciosos ou de metais folheados ou chapeados de metais preciosos,48,"$59,488,508"
Pastas de fibras obtidas a partir de papel ou de cartão reciclados (desperdícios e aparas) ou de outras matérias fibrosas celulósicas,48,"$142,372"
"Tecidos de fibras sintéticas descontínuas, contendo menos de 85 %, em peso, destas fibras, combinados, principal ou unicamente, com algodão, de peso superior a 170 g/m2",48,"$1,793,281"
"Microscópios ópticos, incluídos os microscópios para fotomicrografia, cinefotomicrografia ou microprojecção",49,"$205,386"
"Outras máquinas-ferramentas para trabalhar metais ou ceramais (cermets), operando sem eliminação de matéria",49,"$4,086,583"
"Tecidos de malha de largura não superior a 30 cm, contendo, em peso, 5 % ou mais de fios de elastómeros ou de fios de borracha, exceto da posição 6001",49,"$401,808"
"Redes de malhas com nós, em panos ou em peça, obtidas a partir de cordéis, cordas ou cabos; redes confeccionadas para a pesca e outras redes confeccionadas, de matérias têxteis",305,"$2,737,252"
Partes e acessórios dos veículos das posições 8711 a 8713,817,"$11,415,546"
"Máquinas e aparelhos, para trabalhar borracha ou plástico ou para fabricação de produtos dessas matérias, não especificados nem compreendidos em outras posições deste capítulo",1073,"$65,340,204"
"Leveduras (vivas ou mortas); outros microrganismos monocelulares mortos (exceto as vacinas da posição 3002); pós para levedar, preparados",1841,"$132,792,056"
"Artefatos têxteis matelassês em peça, constituídos por uma ou várias camadas de matérias têxteis associadas a uma matéria de enchimento ou estofamento, acolchoados por qualquer processo, exceto os bordados da posição 58.10",50,"$665,236"
Cloreto de hidrogénio (ácido clorídrico); ácido clorossulfúrico,50,"$68,430"
"Derivados halogenados, sulfonados, nitrados ou nitrosados dos fenóis ou dos fenóis-álcoois",50,"$116,370"
"Preparações denominadas « aceleradores de vulcanização »; plastificantes compostos para borracha ou plástico, não especificados nem compreendidos em outras posições; preparações antioxidantes e outros estabilizadores compostos, para borracha ou plástico",306,"$24,812,622"
"Instrumentos, aparelhos e modelos, concebidos para demonstração (por exemplo, no ensino e nas exposições), não suscetíveis de outros usos",562,"$5,923,096"
"Isoladores de qualquer matéria, para usos elétricos",562,"$16,475,502"
"Pneumáticos novos, de borracha",2610,"$1,235,224,357"
"Aparelhos e material dos tipos usados nos laboratórios fotográficos ou cinematográficos (incluídos os aparelhos para projecção ou execução de traçados de circuitos sobre superfícies sensibilizadas de materiais semicondutores), não especificados nem compre",51,"$26,905"
"Veículos automóveis para usos especiais (por exemplo: auto-socorros, camiões-guindastes, veículos de combate a incêndio, camiões-betoneiras, veículos para varrer, veículos para espalhar, veículos-oficinas, veículos radiológicos), exceto os concebidos pri",51,"$12,270,090"
"Medicamentos (exceto os produtos das posições 3002, 3005 ou 3006) constituídos por produtos misturados entre si, preparados para fins terapêuticos ou profilácticos, mas não apresentados em doses nem acondicionados para venda a retalho",307,"$3,745,196"
Outras obras de madeira,1075,"$29,598,297"
Outros motores e máquinas motrizes,3635,"$58,565,347"
Preparações capilares,5427,"$168,649,544"
"Rolamentos de esferas, de roletes ou de agulhas",5939,"$107,135,936"
Obras de cortiça natural,52,"$1,724"
"Sulfato de bário natural (baritina); carbonato de bário natural (witherite), mesmo calcinado, exceto o óxido de bário da posição 2816",52,"$464,818"
"Desperdícios, resíduos e sucata de ferro fundido, ferro ou aço; desperdícios de ferro ou aço, em lingotes",564,"$161,665,266"
Hipocloritos; hipoclorito de cálcio comercial; cloritos; hipobromitos,564,"$2,450,232"
"Papel e cartão revestidos de caulino ou de outras substâncias inorgânicas numa ou nas duas faces, com ou sem aglutinantes, sem qualquer outro revestimento, mesmo coloridos à superfície, decorados à superfície ou impressos, em rolos ou em folhas de forma q",1076,"$400,670,664"
"Obras cartográficas de qualquer espécie, incluídas as cartas murais, as plantas topográficas e os globos, impressos",53,"$53,713"
Outras barras de ferro ou aço não ligado,309,"$9,686,095"
Amianto,54,"$86,962,982"
"Instrumentos musicais cujo som é produzido ou amplificado por meios elétricos (por exemplo: órgãos, guitarras, acordeões)",54,"$235,557"
"Sulfuretos; polissulfuretos, de constituição química definida ou não",54,"$1,218,300"
Compostos de função carboxiamida; compostos de função amida do ácido carbónico,310,"$22,143,184"
Matérias minerais não especificadas nem compreendidas em outras posições,310,"$310,002,308"
"Polímeros de acetato de vinilo ou de outros ésteres de vinilo, em formas primárias; outros polímeros de vinilo, em formas primárias",310,"$9,241,707"
Ardósia natural trabalhada e obras de ardósia natural ou aglomerada,566,"$47,666,311"
"Ceras vegetais (exceto triglicéridos), ceras de abelha ou de outros insectos e espermacete, mesmo refinados ou corados",566,"$92,402,738"
"Ferramentas, armações e cabos de ferramentas, de escovas e de vassouras, de madeira; formas, alargadeiras e esticadores, de madeira, para calçados",566,"$29,735,918"
"Cordas, cabos, entrançados, lingas e artefactos semelhantes, de ferro ou aço, não isolados para usos elétricos",1078,"$31,625,763"
"Artefactos de ourivesaria e suas partes, de metais preciosos ou de metais folheados ou chapeados de metais preciosos",55,"$302,220"
"Flores, folhagem e frutos, artificiais, e suas partes; artefactos confeccionados com flores, folhagem e frutos, artificiais",55,"$112,763"
Nitritos; nitratos,55,"$514,298"
Compostos de função amina,311,"$9,901,810"
"Obras de cimento, de betão (concreto) ou de pedra artificial, mesmo armadas",311,"$16,320,982"
Amidos e féculas; inulina,1847,"$68,522,386"
"Fios, cabos (incluídos os cabos coaxiais) e outros condutores, isolados para usos elétricos (incluídos os envernizados ou oxidados anodicamente), mesmo com peças de conexão; cabos de fibras ópticas, constituídos de fibras embainhadas individualmente, mes",7735,"$481,424,814"
"Diamantes, mesmo trabalhados, mas não montados nem engastados",56,"$26,944,067"
"Fios de filamentos sintéticos ou artificiais (exceto linhas para costurar), acondicionados para venda a retalho",56,"$565,593"
Fios de seda (exceto fios de desperdícios de seda) não acondicionados para venda a retalho,56,"$22,587,182"
"Aparelhos e artefactos para usos químicos ou para outros usos técnicos, de cerâmica; alguidares, gamelas e outros recipientes semelhantes para usos rurais, de cerâmica; bilhas e outras vasilhas próprias para transporte ou embalagem, de cerâmica",312,"$2,824,489"
Amoníaco anidro ou em solução aquosa (amónia),57,"$101,433,160"
"Damascos, cerejas, pêssegos (incluídas as nectarinas), ameixas e abrunhos, frescos",57,"$9,220"
"Cogumelos e trufas, preparados ou conservados, exceto em vinagre ou em ácido acético",825,"$245,356"
"Canetas esferográficas; canetas e marcadores de ponta de feltro ou de outras pontas porosas; canetas de tinta permanente e outras canetas; estiletes para duplicadores; lapiseiras; canetas porta-penas, porta-lápis e artigos semelhantes; suas partes (inclui",1081,"$8,816,474"
"Plantas, partes de plantas, sementes e frutos, das espécies utilizadas principalmente em perfumaria, medicina ou como insecticidas, parasiticidas e semelhantes, frescos ou secos, mesmo cortados, triturados ou em pó",1081,"$13,511,696"
"Recipientes p/gases comprimidos/liquefeitos, de alumínio",58,"$284,665"
"Mica trabalhada e suas obras, incluída a mica aglomerada ou reconstituída, mesmo com suporte de papel, de cartão ou de outras matérias",314,"$5,492,542"
"Mástique de vidraceiro, cimentos de resina e outros mástiques; indutos utilizados em pintura; indutos não refractários do tipo dos utilizados em alvenaria",1850,"$38,612,187"
Outras obras de alumínio,3386,"$37,668,437"
"Moluscos, com ou sem concha, vivos, frescos, refrigerados, congelados, secos, salgados ou em salmoura; invertebrados aquáticos, exceto crustáceos e moluscos, vivos, frescos, refrigerados, congelados, secos, salgados ou em salmoura; farinhas, pó e pellets",59,"$152,951"
"Outros instrumentos musicais de cordas (por exemplo: guitarras, violinos, harpas)",59,"$115,932"
"Permutadores de íons à base de polímeros, em formas primárias",59,"$2,712,589"
"Tall oil, mesmo refinado",59,"$11,540,307"
"Glândulas e outros órgãos para usos opoterápicos, dessecados, mesmo em pó; extractos de glândulas ou de outros órgãos ou das suas secreções, para usos opoterápicos; heparina e seus sais; outras substâncias humanas ou animais preparadas para fins terapêuti",315,"$114,600,749"
"Óleos de girassol, de cártamo ou de algodão e respectivas fracções, mesmo refinados, mas não quimicamente modificados",827,"$10,691,511"
"Bordados em peça, em tiras ou em motivos para aplicar",60,"$755,529"
"Pedra-pomes; esmeril; corindo natural, granada natural e outros abrasivos naturais, mesmo tratados termicamente",60,"$1,064,342"
"Produtos de origem animal, não especificados nem compreendidos em outras posições; animais mortos dos Capítulos 1 ou 3, impróprios para alimentação humana",60,"$14,122,251"
"Selos postais ou fiscais, não obliterados; papel selado, papel-moeda, cheques, certificados de ações ou de obrigações e títulos semelhantes",60,"$31,475,212"
"Polímeros de estireno, em formas primárias",828,"$180,072,758"
"Cabelos dispostos no mesmo sentido, adelgaçados, branqueados ou preparados de outro modo; lã, pelos e outras matérias têxteis, preparados para a fabricação de perucas ou de artefatos semelhantes",61,"$3,196,944"
"Chá, mesmo aromatizado",61,"$12,871"
"Outras ligas de aço, em lingotes ou outras formas primárias; produtos semimanufacturados, de outras ligas de aço",61,"$717,663,740"
"Aparelhos mecânicos de acionamento manual, pesando <= 10 kg, utilizados para preparar, acondicionar ou servir alimentos ou bebidas",317,"$1,216,055"
"Outras sementes e frutos oleaginosos, mesmo triturados",573,"$52,803,989"
"Aparelhos fotográficos; aparelhos e dispositivos, incluindo as lâmpadas e tubos de luz-relâmpago (flash) para fotografia, exceto as lâmpadas e tubos de descarga da posição 8539",62,"$157,063"
"Caixas de música, órgãos mecânicos de feira, realejos, pássaros cantores mecânicos, serrotes musicais e outros instrumentos musicais não especificados em outra posição do presente capítulo; chamarizes de qualquer tipo; apitos, cornetas de sinais e outros ",62,"$27,319"